id,name,,canonical alias
0,Scotch whisky,,0
1,triple sec,,
2,light cream,,
3,powdered sugar,,
4,egg,,
5,Stoli® Ohranj vodka,,14
6,orange juice,,
7,Chambord® raspberry liqueur,,194
8,lime,,
9,Bacardi® Limon rum,,885
10,Cointreau® orange liqueur,,547
11,Blue Curacao liqueur,,11
12,white tequila,,12
13,Galliano® herbal liqueur,,1976
14,vodka,,14
15,pineapple juice,,
16,green creme de menthe,,
17,limes,,
18,sugar syrup,,
19,Captain Morgan® Original spiced rum,,218
20,amaretto almond liqueur,,1714
21,peach schnapps,,21
22,cranberry juice,,
23,cognac,,23
24,Grand Marnier® orange liqueur,,547
25,sweet and sour mix,,25
26,Sprite® soda,,
27,white rum,,27
28,Heering® cherry liqueur,,1095
29,cream,,
30,milk,,
31,Finlandia® vodka,,14
32,lemon juice,,
33,tomato juice,,
34,Tabasco® sauce,,
35,Worcestershire sauce,,
36,Midori® melon liqueur,,109
37,lemonade,,
38,Malibu® coconut rum,,52
39,banana liqueur,,39
40,half-and-half,,
41,grenadine syrup,,
42,Absolut® vodka,,14
43,Everclear® alcohol,,
44,grapefruit juice,,
45,rum,,45
46,pineapple,,
47,DeKuyper® Razzmatazz liqueur,,1111
48,tequila,,48
49,Red Bull® energy drink,,
50,lime juice,,
51,creme de bananes,,
52,coconut rum,,52
53,Bacardi® O rum,,1529
54,Mountain Dew® citrus soda,,
55,dark rum,,55
56,Skyy® Blue vodka,,14
57,Smirnoff® vodka,,14
58,Firewater® cinnamon schnapps,,75
59,coffee liqueur,,59
60,chocolate syrup,,
61,apple brandy,,61
62,benedictine herbal liqueur,,62
63,lemons,,
64,Bacardi® dark rum,,55
65,Jamaican dark rum,,55
66,chocolate milk,,
67,Bacardi® Superior rum,,45
68,soda,,
69,candy,,
70,light rum,,70
71,151 proof rum,,71
72,bitters,,72
73,water,,
74,gin,,74
75,cinnamon schnapps,,75
76,Kahlua® coffee liqueur,,59
77,soda water,,
78,Captain Morgan® Parrot Bay mango rum,,185
79,Absolut® Citron vodka,,14
80,Champagne,,80
81,Southern Comfort® peach liqueur,,349
82,white creme de cacao,,
83,Metaxa Brandy,,121
84,Jagermeister® herbal liqueur,,1976
85,cola,,
86,99 Bananas® banana schnapps,,1298
87,lemon-lime soda,,
88,bourbon whiskey,,88
89,hot chocolate,,
90,heavy cream,,
91,chocolate,,
92,creme de cacao,,
93,Stoli® Vanil vodka,,233
94,7-Up® soda,,
95,Irish whiskey,,95
96,peach brandy,,96
97,orange,,
98,cherry,,
99,Jack Daniel's® Tennessee whiskey,,1023
100,root beer,,
101,Coca-Cola®,,
102,sugar,,
103,ginger ale,,
104,Bailey's® Irish cream,,104
105,Angostura® bitters,,72
106,pineapples,,
107,coconuts,,
108,pina colada mix,,108
109,melon liqueur,,109
110,lemon vodka,,110
111,Strega® herbal liqueur,,1976
112,whipped cream,,
113,cherries,,
114,dry vermouth,,114
115,dry sherry,,
116,Pernod® licorice liqueur,,116
117,Godiva® white chocolate liqueur,,521
118,espresso,,
119,sweet vermouth,,119
120,Aurum® liqueur,,1111
121,brandy,,121
122,cherry brandy,,122
123,superfine sugar,,
124,club soda,,
125,maraschino cherry,,
126,lemon,,
127,blended bourbon whiskey,,127
128,butterscotch schnapps,,128
129,blueberry juice,,
130,Smirnoff® Ice,,
131,creme de cassis,,
132,rye whiskey,,132
133,advocaat liqueur,,133
134,lemon gin,,134
135,Sagatiba Pura,,
136,batida de coco,,
137,Blavod® vodka,,14
138,yellow lemonade,,
139,whiskey,,139
140,DeKuyper® amaretto almond liqueur,,1714
141,DeKuyper® coffee liqueur,,59
142,Irish cream,,
143,ice,,
144,sake rice wine,,144
145,coconut milk,,
146,pink lemonade,,
147,Smirnoff® watermelon vodka,,952
148,Bacardi® light rum,,70
149,Jose Cuervo® Especial gold tequila,,179
150,Smirnoff® Lime Twist vodka,,714
151,Sunny Delight® orange juice,,
152,peach vodka,,152
153,ice cubes,,
154,Maui® Blue Hawaiian schnapps,,974
155,Alize® cognac,,23
156,Hpnotiq® liqueur,,1111
157,Keystone® Light lager,,1043
158,Kazkar Feni® cashew apple liqueur,,1145
159,apple,,
160,apple juice,,
161,white wine,,161
162,Frangelico® hazelnut liqueur,,291
163,beer,,
164,Canadian whisky,,164
165,Snapple® soda,,
166,blackberry brandy,,166
167,raspberry schnapps,,167
168,vanilla ice cream,,
169,Pop Rocks® candy,,
170,black sambuca,,
171,Bacardi® 151 rum,,71
172,Aftershock® Hot & Cool cinnamon schnapps,,75
173,blueberry brandy,,173
174,blueberries,,
175,Stoli® Razberi vodka,,531
176,DeKuyper® Watermelon Pucker schnapps,,366
177,Arrow® peppermint schnapps,,219
178,coffee creamer,,
179,gold tequila,,179
180,Pisang Ambon® liqueur,,1111
181,genever gin,,181
182,bitter lemon soda,,
183,Jim Beam® bourbon whiskey,,88
184,apricot brandy,,184
185,mango rum,,185
186,creme de framboise,,
187,cinnamon,,
188,maraschino liqueur,,188
189,blended whiskey,,189
190,rosso vermouth,,190
191,Rum Tree® liqueur,,45
192,dry gin,,192
193,Sea Dog® Blue Paw Wheat Ale,,
194,raspberry liqueur,,194
195,raspberries,,
196,UV® cherry vodka,,425
197,Green Chartreuse®,,197
198,fruit punch,,
199,Skyy® vodka,,14
200,Sprite Remix,,
201,anis liqueur,,201
202,Wild Turkey® bourbon whiskey,,88
203,Applejack® brandy,,121
204,Rose's® lime juice,,
205,Tanqueray® Rangpur gin,,74
206,mint,,
207,Blue Bell® vanilla ice cream,,
208,Maker's Mark® bourbon whiskey,,88
209,Canadian Club® whisky,,164
210,maple syrup,,
211,Tequila Rose® strawberry cream liqueur,,211
212,salt,,
213,Seagram's® gin,,74
214,V8® vegetable juice,,
215,smoky barbecue sauce,,
216,Jim Beam Black Label bourbon whiskey,,88
217,Dr. Pepper® soda,,
218,spiced rum,,218
219,peppermint schnapps,,219
220,Kentucky Gentleman® bourbon whiskey,,88
221,Amaretto Di Saronno® liqueur,,1111
222,banana syrup,,
223,Dubonnet® Rouge vermouth,,371
224,Bacardi® white rum,,27
225,Coco Lopez® cream of coconut,,
226,ice cream,,
227,cranberry-apple juice,,
228,Skyy® vanilla vodka,,233
229,Godiva® chocolate liqueur,,234
230,marshmallow,,
231,mint chocolate ice cream,,
232,Amontillado® dry sherry,,
233,vanilla vodka,,233
234,chocolate liqueur,,234
235,armagnac,,
236,passion-fruit syrup,,
237,tonic water,,
238,Tanqueray® gin,,74
239,Jameson® Irish whiskey,,95
240,Guinness® stout,,
241,Fernet Branca® bitters,,72
242,ginger,,
243,strawberry vodka,,243
244,orange vodka,,244
245,DeKuyper® Raspberry Pucker schnapps,,167
246,limeade,,
247,Campari® bitters,,72
248,dark creme de cacao,,
249,cocoa,,
250,chocolate ice cream,,
251,Early Times® bourbon whiskey,,88
252,simple syrup,,
253,anejo rum,,45
254,Kummel® caraway liqueur,,1111
255,orange bitters,,255
256,Zen® green tea liqueur,,256
257,DeKuyper® Sour Apple Pucker schnapps,,1533
258,Bols® Blue Curacao liqueur,,11
259,raspberry,,
260,Beefeater® gin,,74
261,Pepsi® cola,,
262,Jose Cuervo® gold tequila,,179
263,Minute Maid® cherry limeade,,
264,oranges,,
265,coconut cream,,
266,anisette,,
267,fruit juice,,
268,lime cordial,,
269,Jose Cuervo® 1800 tequila,,269
270,Tropicana® orange juice,,
271,blackcurrant vodka,,271
272,framboise raspberry liqueur,,194
273,Falerno del Massico® white wine,,161
274,Haagen-Dazs® vanilla ice cream,,
275,Haagen-Dazs® chocolate ice cream,,
276,Myer's® dark rum,,55
277,cherry advocaat liqueur,,277
278,Tia Maria® coffee liqueur,,59
279,blueberry schnapps,,279
280,passion-fruit juice,,
281,caster sugar,,
282,tawny port,,
283,London dry gin,,283
284,gomme syrup,,
285,Drambuie® Scotch whisky,,0
286,eggnog,,
287,honey,,
288,Rockstar® energy drink,,
289,white creme de menthe,,
290,Coca-Cola® Vanilla Coke,,
291,hazelnut liqueur,,291
292,coffee brandy,,292
293,Charleston Follies® liqueur,,1111
294,aquavit,,
295,Schweppes® Indian tonic water,,
296,nutmeg,,
297,Absolut® Kurant vodka,,271
298,Hershey's® cocoa,,
299,strawberry schnapps,,299
300,Kamora® coffee liqueur,,59
301,Curacao orange liqueur,,330
302,Stoli® Citros vodka,,339
303,crushed ice,,
304,claret,,
305,Gatorade® energy drink,,
306,Five Alive® fruit juice,,
307,Bacardi® Razz rum,,1019
308,gold rum,,308
309,Bols® peach liqueur,,349
310,Aftershock® Cool Citrus mint schnapps,,554
311,WKD® Original Vodka Blue,,14
312,Strongbow® cider,,
313,kiwi liqueur,,313
314,sloe gin,,74
315,granulated sugar,,
316,Marie Brizard® Poire Williams pear liqueur,,959
317,margarita mix,,317
318,olive,,
319,black rum,,319
320,iced tea,,
321,Alize® Red Passion liqueur,,1111
322,apricot nectar,,
323,grape juice,,
324,Swedish punsch,,
325,pink grapefruit juice,,
326,vanilla rum,,326
327,root beer schnapps,,327
328,brown sugar,,
329,falernum syrup,,
330,Orange Curacao liqueur,,330
331,rainbow sherbert,,
332,peaches,,
333,strawberries,,
334,Old Overholt® rye whiskey,,132
335,Plymouth® gin,,74
336,Noilly Prat® French vermouth,,371
337,Cinzano® sweet vermouth,,119
338,Rumba® energy juice,,
339,citrus vodka,,339
340,limoncello lemon liqueur,,702
341,B & B® benedictine,,
342,pineapple soda,,
343,olive juice,,
344,olives,,
345,Lillet® Blanc wine,,646
346,Absolut® Mandrin vodka,,244
347,Captain Morgan® spiced rum,,218
348,coconut extract,,
349,peach liqueur,,349
350,Dr. McGillicuddy's® Fireball Canadian whisky,,164
351,cream soda,,
352,Surge® citrus soda,,
353,Becherovka® herbal liqueur,,1976
354,horseradish,,
355,peppers,,
356,Ricard® pastis,,
357,Crown Royal® Canadian whisky,,164
358,berry punch,,
359,Popov® vodka,,14
360,Mr & Mrs T® sweet and sour mix,,25
361,Arrow® triple sec,,
362,Irish Mist® herbal liqueur,,1976
363,apfelkorn liqueur,,1111
364,peach juice,,
365,condensed milk,,
366,watermelon schnapps,,366
367,double cream,,
368,mango,,
369,Parfait Amour® orange liqueur,,547
370,cherry ice-cream,,
371,French vermouth,,371
372,Italian vermouth,,371
373,DeKuyper® Cheri-Beri Pucker schnapps,,1128
374,Cruzan® mango rum,,185
375,key lime juice,,
376,caramel liqueur,,376
377,vanilla liqueur,,377
378,Bacardi® orange rum,,1529
379,Snapple® Kiwi-Strawberry soda,,
380,creme de almond,,
381,banana,,
382,Rumple Minze® peppermint liqueur,,1191
383,Bacardi® Grand Melon rum,,383
384,ruby port,,
385,Ice 101® peppermint schnapps,,219
386,madeira,,
387,Pepe Lopez® cream of coconut,,
388,absinthe herbal liqueur,,388
389,apple vodka,,389
390,apple cider,,
391,dry white wine,,391
392,Starbucks® coffee liqueur,,59
393,Danzka® grapefruit vodka,,393
394,Nestea® diet iced tea,,
395,Black Velvet® Canadian whisky,,164
396,pineapple-coconut juice,,
397,Grey Goose® L'Orange vodka,,244
398,Eagle Brand® condensed milk,,
399,ginger brandy,,399
400,Ocean Spray® cranberry juice,,
401,Captain Morgan® Parrot Bay coconut rum,,52
402,strawberry liqueur,,402
403,creme de menthe,,
404,red Bordeaux wine,,509
405,Mount Gay® Barbados rum,,45
406,lemon schnapps,,406
407,cream of coconut,,
408,cherry juice,,
409,Battery® energy drink,,
410,Gordon's® gin,,74
411,coffee ice cream,,
412,silver tequila,,412
413,vanilla extract,,
414,Goldschlager® cinnamon schnapps,,75
415,Kool-Aid® Tangerine mix,,
416,Bacardi® gold rum,,308
417,Salsa,,
418,mango juice,,
419,Kirschwasser® cherry brandy,,122
420,Calvados® brandy,,121
421,cream sherry,,
422,raspberry syrup,,
423,Bombay Sapphire® gin,,74
424,DeKuyper® Blue Curacao liqueur,,11
425,cherry vodka,,425
426,strawberry brandy,,426
427,whipping cream,,
428,VS cognac,,23
429,Stolichnaya® vodka,,14
430,La Ina® Fino sherry,,
431,Skyy® citrus vodka,,339
432,Hawaiian Punch®,,
433,Safari® liqueur,,1111
434,Passoa® liqueur,,1111
435,raspberry cordial,,
436,Zima,,
437,peanut butter,,
438,Dawa,,
439,sparkling white wine,,439
440,aguardiente brandy,,121
441,orgeat syrup,,
442,7-Up Plus soda,,
443,Grey Goose® vodka,,14
444,Alize® Bleu liqueur,,1111
445,apple schnapps,,445
446,Black Haus® blackberry schnapps,,658
447,candies,,
448,Juicy Juice® orange tangerine juice,,
449,Fresca® grapefruit soda,,
450,Archers® peach schnapps,,21
451,Dole® pineapple juice,,
452,DeKuyper® Island Blue Pucker schnapps,,279
453,Royal Crown® cola,,
454,Smirnoff® Watermelon Twist vodka,,952
455,raspberry soda water,,
456,Jacquin's® orange flavored gin,,74
457,Aristocrat® triple sec,,
458,strawberry daiquiri mix,,1565
459,sambuca,,
460,lychee wine,,460
461,pineapple syrup,,
462,lychee,,
463,beef bouillon,,
464,hot pepper sauce,,
465,celery salt,,
466,black pepper,,
467,celery,,
468,Rose's® grenadine syrup,,
469,Belvedere® vodka,,14
470,Martini & Rossi® extra dry vermouth,,688
471,cheese,,
472,Yukon Jack® Canadian whisky,,164
473,Tang® powdered soft drink,,
474,maracuja juice,,
475,coffee,,
476,Tropicana Twister Kinetic Kiwi Strawberry,,
477,Canada Dry® ginger ale,,
478,Dr. Mcgillicuddy's® Mentholmint schnapps,,554
479,chocolate mint liqueur,,479
480,orange sherbet,,
481,pistachio ice cream,,
482,Mozart® Original chocolate liqueur,,234
483,berries,,
484,Larios® gin,,74
485,Fruits of the Forest® fruit juice,,
486,Cruzan® coconut rum,,52
487,carbonated water,,
488,pepper,,
489,Rose's® sour apple mix,,
490,Licor 43® liqueur,,1111
491,strawberry puree,,
492,strawberry ice cream,,
493,ginger beer,,
494,Grey Goose® La Poire vodka,,14
495,DeKuyper® Peachtree schnapps,,21
496,Mountain Dew® MDX energy drink,,
497,Hennessy® cognac,,23
498,Cabernet Sauvignon red wine,,509
499,cocoa powder,,
500,caramel syrup,,
501,Absolut® citrus vodka,,339
502,Schweppes® citrus soda,,
503,Smirnoff® Black Cherry Twist vodka,,425
504,Rock and Rye® liqueur,,1111
505,mandarin juice,,
506,Vess® cream soda,,
507,Smirnoff® lemon vodka,,110
508,Turkey Hill® iced tea,,
509,red wine,,509
510,Captain Morgan® Silver spiced rum,,218
511,Malibu® mango rum,,185
512,cherry syrup,,
513,Sailor Jerry® spiced navy rum,,218
514,lychee liqueur,,514
515,Cherry Puree,,
516,Absolut® Apeach vodka,,152
517,Taboo®,,
518,lime mix,,
519,sherry,,
520,Mandarine Napoleon® orange liqueur,,547
521,white chocolate liqueur,,521
522,Sour Puss® raspberry liqueur,,194
523,Bacardi® black rum,,319
524,coconut liqueur,,524
525,Nesquik® chocolate milk,,
526,Tullamore Dew® Irish whiskey,,95
527,blackberry,,
528,cranberry liqueur,,528
529,Wild Spirit® chocolate raspberry liqueur,,529
530,strawberry syrup,,
531,raspberry vodka,,531
532,Welch's® grape soda,,
533,Sunkist® orange soda,,
534,Stock 84® brandy,,121
535,ouzo anise liqueur,,535
536,basil,,
537,maraschino cherries,,
538,collins mix,,
539,sweet sherry,,
540,Dubonnet® French vermouth,,371
541,Bundaberg® amber rum,,873
542,Pimm's® gin,,74
543,Skyy® cosmopolitan mix,,
544,Muscatel wine,,544
545,Knob Creek® bourbon whiskey,,88
546,paraiso,,
547,orange liqueur,,547
548,pomegranate juice,,
549,peanut liqueur,,549
550,Barenfang® honey liqueur,,1878
551,Zinfandel® white wine,,161
552,Ocean Spray® cran-mango juice,,
553,cherry cider,,
554,mint schnapps,,554
555,almond extract,,
556,Ketel One® vodka,,14
557,Soho® lychee liqueur,,514
558,pears,,
559,Yellow Chartreuse®,,559
560,creme de noyaux,,
561,Martini & Rossi® dry vermouth,,114
562,Remy Martin® cognac,,23
563,Spicy Hot V8 Juice,,
564,clamato juice,,
565,Fresca® peach soda,,
566,melon vodka,,566
567,strawberry juice,,
568,pear cider,,
569,Smirnoff® Raspberry Twist vodka,,531
570,Bacardi® pina-colada mixer,,108
571,Alize® liqueur,,1111
572,Glenlivet® Scotch whisky,,0
573,butter,,
574,Stoli® Persik vodka,,14
575,vanilla schnapps,,575
576,Stewart's® Orange 'n Cream soda,,
577,Bacardi® Ciclon gold rum,,308
578,strawberry,,
579,Fleissmann's® vodka,,14
580,Admiral Nelson® spiced rum,,218
581,Mohawk® triple sec,,
582,creamer,,
583,whisky,,583
584,Canada Dry® Tahitian Treat punch,,
585,Schweppes® Russian tonic water,,
586,Listerine® Cool Mint mouthwash,,
587,Rainier® lager,,1043
588,Absolut® Raspberri vodka,,531
589,blueberry puree,,
590,Bols® creme de bananes,,
591,Bols® white creme de cacao,,
592,DeKuyper® Buttershots liqueur,,1747
593,vanilla,,
594,coconut juice,,
595,pastis liqueur,,595
596,port,,
597,Smirnoff® Lemon Twist vodka,,110
598,Minute Maid® lemonade,,
599,bananas,,
600,Red Zinfandel wine,,509
601,Bacardi® Silver O3,,
602,peach,,
603,orange soda,,
604,lemon soda,,
371,vermouth,,371
606,creme de fraise,,
607,Melon Deoria® liqueur,,109
608,cloves,,
609,moonshine whiskey,,609
610,Slush Puppie®,,
611,Rose wine,,611
612,Green Curacao liqueur,,612
613,Phillips Union® blended whiskey,,189
614,Peychaud® bitters,,72
615,Tuaca® citrus liqueur,,1111
616,white sambuca,,
617,Bass® pale ale,,
618,Bawls® energy drink,,
619,Cruzan® rum cream liqueur,,1978
620,Barenjager® honey liqueur,,1878
621,Smirnoff® Green Apple Twist vodka,,389
622,Coca-Cola® Diet Coke,,
623,Goldenbarr® chocolate vodka,,1052
624,Forbidden Fruit® liqueur,,1111
625,blackcurrant squash,,
626,Baja Rosa® strawberry cream liqueur,,402
627,Bushmills® Irish whiskey,,95
628,strawberry margarita mix,,317
629,Kamchatka® vodka,,14
630,Pineau des Charentes® red wine,,509
631,Marie Brizard® Apry apricot brandy,,184
632,42 Below® vodka,,14
633,Creme de Fraise des Bois,,
634,Zubrowka® vodka,,14
635,Sierra Mist® soda,,
636,Kool-Aid® Blue Raspberry mix,,
637,Dubonnet® Blanc vermouth,,371
638,clove,,
639,Shiso,,
640,Babycham® Champagne,,80
641,Bols® cherry brandy,,122
642,Kool-Aid® Berry Blue mix,,
643,Gatorade® Riptide Rush energy drink,,
644,Mountain Dew® lime soda,,
645,Smirnoff® apple vodka,,389
646,wine,,646
647,Gosling's® Black Seal rum,,319
648,pineapple liqueur,,648
649,Smirnoff® No. 21 Vodka,,14
650,Lapponia cloudberry liqueur,,650
651,Absolut® vanilla vodka,,233
652,Montezuma® gold tequila,,179
653,Luxardo® white sambuca,,
654,ginger syrup,,
655,7-Up® cherry soda,,
656,cherry soda,,
657,cucumber,,
658,blackberry schnapps,,658
659,Three Olives® cherry vodka,,425
660,Sobe® No Fear energy drink,,
661,Jamaican ginger beer,,
662,Smirnoff® Ice Triple Black,,
663,brown creme de cacao,,
664,Corona® lager,,1043
665,crackers,,
666,Dole Pine-Orange-Banana Juice,,
667,Dr. Mcgillicuddy's® Vanilla Schnapps,,575
668,Fresca® citrus soda,,
669,Deva® absinthe,,
670,tea,,
671,RedRum® rum,,45
672,mango nectar,,
673,Sourz® apple liqueur,,1145
674,Smirnoff® Blue Label vodka,,14
675,Thunderbird® Red Label wine,,646
676,Mozart® White chocolate liqueur,,521
677,DeKuyper® Mad Melon schnapps,,366
678,sweetened condensed milk,,
679,Carnation® creamy evaporated milk,,
680,glycerine,,
681,instant coffee,,
682,Ambassadeur® red vermouth,,371
683,George Dickel® Tennessee whiskey,,1023
684,apricot juice,,
685,Grey Goose® Le Citron vodka,,14
686,Squirt® citrus soda,,
687,bison grass vodka,,687
688,extra dry vermouth,,688
689,redcurrant juice,,
690,raspberry juice,,
691,Chivas Regal® Scotch whisky,,0
692,clam juice,,
693,kiwi,,
694,Mountain Dew® Code Red soda,,
695,Lapponia Lakka cloudberry liqueur,,1111
696,Johnnie Walker® Scotch whisky,,0
697,DeKuyper® Marasquin cherry liqueur,,1095
698,lemon-lime mix,,
699,mangos,,
700,guava juice,,
701,Tio Pepe® sherry,,
702,lemon liqueur,,702
703,White Curacao liqueur,,703
704,red sambuca,,
705,blue sambuca,,
706,Galliano® green sambuca,,
707,gold sambuca,,
708,Absolut® Peppar vodka,,14
709,DeKuyper® Hot Damn cinnamon schnapps,,75
710,Everglo liqueur,,710
711,creme de griotte,,
712,Damiana® herbal liqueur,,1976
713,McGuinness® melon liqueur,,109
714,lime vodka,,714
715,Ovaltine® cocoa,,
716,Tarantula Azul Tequila,,48
717,Korbel® brandy,,121
718,Bacardi® apple rum,,1540
719,Romana® white sambuca,,
720,Devil Springs® vodka,,14
721,Aperol® orange liqueur,,547
722,Russian vodka,,14
723,banana juice,,
724,Seagram's® 7 whisky,,583
725,Fresh Samantha® mango juice,,
726,Kool-Aid® Grape mix,,
727,extra dry gin,,727
728,swiss chocolate almond liqueur,,728
729,Minute Maid® orange juice,,
730,Ocean Spray® cran-grape juice,,
731,papaya juice,,
732,apricot liqueur,,732
733,lemon sherbet,,
734,spearmint,,
735,Smirnoff® cranberry vodka,,14
736,Vincent Van Gogh® Dutch chocolate vodka,,1052
737,Barq's® root beer,,
738,molasses,,
739,Coca-Cola® Cherry Coke,,
740,Steven Seagal's Lightning Bolt,,
741,Frank's® Original red hot sauce,,
742,Captain Morgan® coconut rum,,52
743,passion-fruit liqueur,,743
744,Cruzan® banana rum,,962
745,fieldberry juice,,
746,Lord Calvert® Canadian whisky,,164
747,white port,,
748,Effen® black cherry vodka,,425
749,pear brandy,,749
750,blackberry liqueur,,750
751,Just Desserts® chocolate chip cookie cream liqueur,,529
752,vanilla cola,,
753,Oreo Chocolate Cookies,,
754,A&W® root beer,,
755,Seagram's® espresso vodka,,755
756,Bailey's® Caramel Irish cream liqueur,,1978
757,Bacardi® anejo rum,,45
758,Bananas Over You® liqueur,,39
759,Hershey's® chocolate syrup,,
760,Jolt® cola,,
761,Schweppes® pink lemonade,,
762,Merlot red wine,,509
763,cranberry-raspberry juice,,
764,creme de myrtille,,
765,Mountain Dew® Pitch Black soda,,
766,El Tesoro® Reposado tequila,,1055
767,blueberry syrup,,
768,cookies,,
769,Italian brandy,,769
770,Marie Brizard® creme de mure,,
771,mixed-berry marinade,,
772,Stoli® Kafya vodka,,14
773,McCormick® peach vodka,,152
774,Kahlua® Especial coffee liqueur,,59
775,Carolans® Irish cream,,
776,Admiral Nelson's® coconut rum,,52
777,Cabana Boy® pineapple coconut rum,,841
778,wildberry schnapps,,778
779,amarula cream liqueur,,1978
780,Bacardi® Big Apple rum,,1540
781,Wink® grapefruit-lemon soda,,
782,Schweppes® bitter lemon soda,,
783,plum wine,,783
784,Opal Nera® black sambuca,,
785,Cutty Sark® Scotch whisky,,0
786,Schweppes® lemon soda,,
787,dry cider,,
788,99 Blackberries® blackberry schnapps,,658
789,Gatorade® Fruit Punch energy drink,,
790,San Pellegrino® Limonata soda,,
791,honey vodka,,791
792,raspberry soda,,
793,Myer's® Legend rum,,45
794,Mount Gay® Eclipse Barbados rum,,45
795,Mug® root beer,,
796,Leroux® pina colada schnapps,,796
797,Leroux® banana liqueur,,39
798,CocoRibe® coconut rum,,52
799,lime syrup,,
800,Polish vodka,,14
801,juice,,
802,Captain Morgan® Parrot Bay pineapple rum,,841
803,chili peppers,,
804,Kool-Aid® Cherry mix,,
805,Haitian dark rum,,55
806,Malibu® pineapple rum,,841
807,Schweppes® raspberry ginger ale,,
808,cherry cola,,
809,Glayva® Scotch liqueur,,1111
810,Bollinger® Champagne,,80
811,Marie Brizard® Creme de Fraise des Bois,,
812,Seagram's® Lime Twisted gin,,1244
813,Four Roses® bourbon whiskey,,88
814,Bols® apricot brandy,,184
815,Cinzano® dry vermouth,,114
816,Mozart® Black chocolate liqueur,,529
817,Monin® cherry syrup,,
818,Monin® hazelnut syrup,,
819,peach sherbet,,
820,watermelon liqueur,,820
821,Orangina® orange soda,,
822,Chartreuse® herbal liqueur,,1976
823,Stolichnaya® raspberry vodka,,531
824,mineral water,,
825,Smirnoff® Maracuja Twist vodka,,14
826,Marie Brizard® apple liqueur,,1145
827,pepper vodka,,827
828,Simply® Lemonade,,
829,Monster® energy drink,,
830,peach nectar,,
831,elderflower syrup,,
832,almond syrup,,
833,LBV port,,
834,mango schnapps,,834
835,orange-pineapple juice,,
836,Wild Turkey® 101 bourbon whiskey,,88
837,mezcal,,
838,blueberry liqueur,,838
839,cider,,
840,blackcurrant cordial,,
841,pineapple rum,,841
842,Rose's® sweet and sour mix,,25
843,mango syrup,,
844,Brut® Champagne,,80
845,raspberry sherbet,,
846,Gatorade® Glacier Freeze energy drink,,
847,lychee soda,,
848,Cactus Cooler® orange-pineapple soda,,
849,Mountain Dew® Baja Blast lime soda,,
850,lemon mix,,
851,Bols® Pumpkin Smash liqueur,,1111
852,creme de violette,,
853,Dom Perignon® Champagne,,80
854,Burgundy wine,,854
855,cranberry schnapps,,855
856,Arandas® white tequila,,12
857,Smirnoff® Vanilla Twist vodka,,233
858,berry juice,,
859,pisco brandy,,121
860,Stoli® Zinamon vodka,,860
861,Malibu® passion fruit rum,,861
862,DeKuyper® Key Largo schnapps,,862
863,Grey Goose® vanilla vodka,,233
864,Patron® silver tequila,,412
865,apricot schnapps,,865
866,red curry paste,,
867,Slim Jim,,
868,Stella Artois® lager,,1043
869,Stoli® Strasberi vodka,,243
870,Old Grandad® bourbon whiskey,,88
871,Seagram's® cherry brandy,,122
872,Cabo Wabo® anejo tequila,,48
873,amber rum,,873
874,Nocello® walnut liqueur,,1111
875,Burnett's® coconut vodka,,1018
876,Fanta® orange soda,,
877,Nestea® raspberry iced tea,,
878,Johnnie Walker® Red Label Scotch whisky,,0
879,watermelon,,
880,Absinth® absinthe herbal liqueur,,1976
881,caramel sauce,,
882,Petrol,,
883,Welch's® grape juice,,
884,Praline New Orleans-style pecan liqueur,,1111
885,lemon rum,,885
886,paprika,,
887,grape soda,,
888,Amp® energy drink,,
889,Gatorade® orange soda,,
890,Monin® apple syrup,,
891,Bacardi® spiced rum,,218
892,marshmallows,,
893,Stoli® Pertsovka vodka,,14
894,grapes,,
895,cranberry-grape juice,,
896,blush wine,,896
897,Alize® Gold Passion liqueur,,1111
898,Manischewitz® red wine,,509
899,Smirnoff® Red Label vodka,,14
900,MD 20/20® grape-flavored wine,,646
901,Fresca® lemon-lime soda,,
902,vanilla Chai tea,,
903,DeKuyper® Grape Pucker schnapps,,1807
904,raki liqueur,,904
905,papaya nectar,,
906,grappa brandy,,121
907,strawberry jell-o,,
908,evaporated milk,,
909,Izarra® herbal liqueur,,1976
910,lemon syrup,,
911,Coca-Cola® Diet Lime Coke,,
912,Bundaberg® dark rum,,55
913,Barbados dark rum,,55
914,Mount Gay® mango rum,,185
915,Raspberry di Amore®,,
916,Lipton® Brisk iced tea,,
917,bianco vermouth,,917
918,Cynar® artichoke liqueur,,918
919,Dole® orange juice,,
920,Metromint® peppermint water,,
921,skimmed milk,,
922,Vernors® Original ginger soda,,
923,Mike's® hard lemonade,,
924,Jones® cream soda,,
925,Mexican chocolate,,
926,onions,,
927,Minute Maid® limeade soda,,
928,Pear vodka,,928
929,pear juice,,
930,rum cream liqueur,,930
931,Gilbey's® gin,,74
932,Cherry Marnier® liqueur,,1095
933,Perrier® lemon soda water,,
934,Macadamia nut liqueur,,934
935,WKD® Original Vodka Iron Brew,,14
936,Orange Reef® vodka,,244
937,Van Der Hum® liqueur,,1111
938,vanilla syrup,,
939,Canadian Mist® whisky,,164
940,Dry Orange Curacao liqueur,,940
941,green apple vodka,,389
942,watermelons,,
943,cranberry,,
944,Triple Eight® vodka,,14
945,Triple Eight® orange vodka,,244
946,Triple Eight® cranberry vodka,,1014
947,Gentleman Jack® bourbon whiskey,,88
948,Mozart® chocolate liqueur,,529
949,Stoli® Blueberi vodka,,1381
950,Southern Comfort® Black Label peach schnapps,,21
951,Amaretto Di Amore® liqueur,,1111
952,watermelon vodka,,952
953,Blue Ox® black cherry energy drink,,
954,Captain Morgan® Private Stock dark rum,,55
955,Mudslide mix,,
956,Stolichnaya® strawberry vodka,,243
957,creme de coconut,,
958,XS Energy Drink - Cola,,
959,pear liqueur,,959
960,Captain Morgan® Tattoo orange rum,,1529
961,pineapple sherbet,,
962,banana rum,,962
963,cherry conserve,,
964,VSOP cognac,,23
965,Bushmills® Black Bush Irish whiskey,,95
966,Courvoisier® cognac,,23
967,Pusser's® dark rum,,55
968,Nehi® grape soda,,
969,citrus juice,,
970,Absolut® Vanilia vodka,,233
971,Absolut® peach vodka,,152
972,Kentucky Tavern® bourbon whiskey,,88
973,Bacardi® vanilla rum,,326
974,Schnapps,,974
975,Sarticious® gin,,74
976,dry ginger ale,,
977,fruit,,
978,Perrier® soda water,,
979,Milagro® blanco tequila,,48
980,ruby grapefruit juice,,
981,Luxardo® maraschino liqueur,,188
982,Stoli® Limonnaya vodka,,110
983,Sparks® energy drink,,
984,chocolate topping,,
985,Cottee's® Ice Magic chocolate coating,,
986,Chablis® white wine,,161
987,Charles Heidsieck® Champagne,,80
988,peach puree,,
989,Pepsi® Vanilla cola,,
990,white cranberry juice,,
991,maraschino syrup,,
992,citrus punch,,
993,overproof rum,,993
994,white grape juice,,
995,Three Olives® orange vodka,,244
996,Red Jak® energy drink,,
997,Tropicana® Tropical Fruit Furry Twister,,
998,orange-banana fruit punch,,
999,Bacardi Breezer® Orange,,
1000,Bulmers® cider,,
1001,Spanish brandy,,121
1002,Iceberg® vodka,,14
1003,Mexican hot chocolate,,
1004,creme de mure,,
1005,food coloring,,
1006,POM® pomegranate juice,,
1007,raspberry lemonade,,
1008,Pepsi® Wild Cherry cola,,
1009,E&J® brandy,,121
1010,aged tequila,,1010
1011,Smirnoff® Strawberry Twist vodka,,243
1012,Dole® orange peach-mango juice,,
1013,Hawaiian Punch® Green Berry Rush,,
1014,cranberry vodka,,1014
1015,Sazerac® rye bourbon whiskey,,1015
1016,Herbsaint® liqueur,,1111
1017,blackberry juice,,
1018,coconut vodka,,1018
1019,raspberry rum,,1019
1020,Milo's® sweet tea,,
1021,eggs,,
1022,Crystal Light® strawberry-kiwi lemonade mix,,
1023,Tennessee whiskey,,1023
1024,Chinotto,,
1025,Olorosa sherry,,
1026,icing sugar,,
1027,lemon iced tea,,
1028,cherry cordial,,
1029,La Paz® strawberry margarita mix,,317
1030,sweet and sour lemon bar mix,,25
1031,lime sherbet,,
1032,Marie Brizard® Chocolat Royal liqueur,,529
1033,single cream,,
1034,apples,,
1035,grapefruit soda,,
1036,cranberries,,
1037,Amer Picon® orange bitters,,255
1038,guava nectar,,
1039,cherryade,,
1040,Three Olives® vodka,,14
1041,Snapple® Earth soda,,
1042,coconut syrup,,
1043,lager,,1043
1044,Jone's Soda® Berry Lemonade,,
1045,Andes® chocolate mint,,
1046,Smirnoff® raspberry vodka,,531
1047,Harveys® Bristol Cream sherry,,
1048,caramel vodka,,1048
1049,Fee Brothers® orange bitters,,255
1050,Ocean Spray® cranberry-cherry juice,,
1051,Bols® advocaat liqueur,,133
1052,chocolate vodka,,1052
1053,Mountain Berry Kool-Aid,,
1054,syrup,,
1055,1800 Reposado Tequila,,1055
1056,Mello Yello® citrus soda,,
1057,Boru® vodka,,14
1058,maraschino cherry juice,,
1059,soy sauce,,
1060,fruit cocktail,,
1061,Capri Sun® Wild Cherry juice,,
1062,Absolut® 50 Red vodka,,14
1063,coconut water,,
1064,jelly,,
1065,Sprite® Zero soda,,
1066,coconut,,
1067,Minute Maid® fruit punch,,
1068,Johnnie Walker® Black Label Scotch whisky,,0
1069,Roberto Cavalli® Vodka,,14
1070,Marie Brizard® orange curacao,,
1071,strawberry soda,,
1072,Allen's® coffee brandy,,292
1073,Truffles® chocolate liqueur,,529
1074,Ocean Spray® Cranberry Juice Cocktail,,
1075,Kerns Pineapple-Coconut Nectar,,
1076,Smirnoff® Cranberry Twist vodka,,1014
1077,grapefruit,,
1078,tamarillo,,
1079,Gatorade® Lemon-Lime energy drink,,
1080,Vault® Zero,,
1081,Kahlua® French Vanilla liqueur,,377
1082,Romana® black sambuca,,
1083,egg substitute,,
1084,evaporated skimmed milk,,
1085,sherbet,,
1086,Prosecco® sparkling wine,,439
1087,Sauza® tequila,,48
1088,1800® Silver Tequila,,1088
1089,Punt e Mes red vermouth,,917
1090,Sauza® Conmemorativo tequila,,48
1091,Finlandia® mango vodka,,1091
1092,Kleiner Feigling® vodka,,14
1093,Bacardi® Peach Red rum,,1093
1094,shochu,,
1095,cherry liqueur,,1095
1096,pumpkin,,
1097,Partida® agave nectar,,
1098,Partida® Tequila Blanco,,48
1099,Kool-Aid® Orange mix,,
1100,mandarin liqueur,,1100
1101,Finlandia® cranberry vodka,,1014
1102,Nestea® iced tea,,
1103,DeKuyper® Apple Barrel schnapps,,445
1104,Havana Club® white rum,,27
1105,Marie Brizard® Mango Passion liqueur,,1336
1106,Ocean Spray® mango juice,,
1107,Seagram's® lemon gin,,1244
1108,apricot brandy liqueur,,1108
1109,Skyy® melon vodka,,566
1110,Bacardi® Vanil rum,,326
1111,liqueur,,1111
1112,Berentzen's® apple liqueur,,1145
1113,Bacardi Silver® drink,,
1114,pickle juice,,
1115,Pepsi® Diet,,
1116,Looza mango nectar,,
1117,rock candy syrup,,
1118,chocolate shell syrup,,
1119,Continental® vanilla liqueur,,377
1120,Danzig Goldwasser® orange liqueur,,547
1121,Casa Noble® Reposado tequila,,1055
1122,Georgia Moon® corn whiskey,,1122
1123,fruit soda,,
1124,Stolichnaya® vanilla vodka,,233
1125,Kool-Aid®,,
1126,Molson® Canadian beer,,
1127,sour lemonade,,
1128,black cherry schnapps,,1128
1129,Schweppes® lemonade,,
1130,Bols® butterscotch schnapps,,128
1131,Fris® vodka,,14
1132,cherry cider soda,,
1133,Gekkaikan sake,,
1134,prune juice,,
1135,popsicle,,
1136,pomegranate schnapps,,1136
1137,Old Orchard® pomegranate blueberry juice,,
1138,Maui® tropical schnapps,,974
1139,pine-mango-guava juice,,
1140,Corona® Extra lager,,1043
1141,Agavero® tequila liqueur,,48
1142,E&J® Cask & Cream brandy,,1142
1143,pomegranate,,
1144,coriander,,
1145,apple liqueur,,1145
1146,Monin bitter,,
1147,Crunk® energy drink,,
1148,DeKuyper® creme de bananes,,
1149,DeKuyper® dark creme de cacao,,
1150,malt,,
1151,Creme de peche,,
1152,Pimm's Summer Punch,,
1153,Martini & Rossi® sweet vermouth,,119
1154,Quetsch® plum liqueur,,1154
1155,sarsaparilla,,
1156,cayenne peppers,,
1157,Mott's® clamato juice,,
1158,Marie Brizard® anisette licorice liqueur,,1158
1159,Martini & Rossi® bianco vermouth,,917
1160,Old Charter® bourbon whiskey,,88
1161,Hooper's® Hooch,,
1162,melons,,
1163,Horchata,,
1164,Glenfiddich® Scotch whisky,,0
1165,Alexander Keith's® India Pale Ale,,
1166,Three Olives® grape vodka,,1589
1167,yoghurt,,
1168,cucumbers,,
1169,Oreo Chocolate Cookie,,
1170,Looza® pear nectar,,
1171,guava puree,,
1172,Rose Essence,,
1173,hard cider,,
1174,Kerns® apricot nectar,,
1175,plum brandy,,1175
1176,pear schnapps,,1176
1177,Welch's® orange-pineapple juice,,
1178,Svedka® clementine vodka,,244
1179,Baja Luna® black raspberry liqueur,,1207
1180,Full Throttle® energy drink,,
1181,Bartlett pear,,
1182,DeKuyper® Bluesberry schnapps,,279
1183,key lime,,
1184,Longbranch® bloody mary mix,,
1185,Nellie & Joe's® Key West lime juice,,
1186,Agavero agave liqueur,,1186
1187,agave juice,,
1188,pineapple wine,,1188
1189,kiwis,,
1190,sparkling Burgundy wine,,1190
1191,peppermint liqueur,,1191
1192,Bols® orange liqueur,,547
1193,byrrh wine,,1193
1194,red Greek wine,,509
1195,kiwi-strawberry juice,,
1196,Minute Maid® pink lemonade,,
1197,Hiram Walker® coconut rum,,52
1198,sour apple mix,,
1199,Chateau Monet® Framboise raspberry liqueur,,194
1200,Bols® green creme de menthe,,
1201,McMaster's® Canadian whisky,,164
1202,Sam's Choice® Mountain Lightning citrus soda,,
1203,sangria,,
1204,OP® flavored vodka,,14
1205,Sunny Delight® Tangy Original Style,,
1206,sauce,,
1207,black raspberry liqueur,,1207
1208,Appleton Estate® Dark Jamaica rum,,55
1209,Lipton® iced tea,,
1210,Clearly Canadian® sparkling water,,
1211,Pecher Mignon® peach liqueur,,349
1212,Sir Francis Drake® spiced rum,,218
1213,Bacardi® silver rum,,1340
1214,orangeade,,
1215,Phillips® Butter Ripple Schnapps,,128
1216,Blue Heron® wine,,646
1217,Absolut® lemon vodka,,110
1218,pine-orange-banana juice,,
1219,A&W® cream soda,,
1220,Herradura® silver tequila,,412
1221,Crystal Light® Sunrise Classic Orange mix,,
1222,green ginger wine,,1222
1223,Fresca® Black Cherry soda,,
1224,McCormick's® vodka,,14
1225,raspberry ice cream,,
1226,Petit Syrah® wine,,646
1227,Kerns® pear nectar,,
1228,fino sherry,,
1229,Chardonnay white wine,,1229
1230,lime soda,,
1231,Martinique rum,,45
1232,Snapple® Lightning soda,,
1233,papaya,,
1234,habanero pepper sauce,,
1235,black peppers,,
1236,strawberry crush,,
1237,Manila® dark rum,,55
1238,passion-fruit nectar,,
1239,mint liqueur,,1239
1240,mango mix,,
1241,French vanilla ice cream,,
1242,stout,,
1243,Gatorade® strawberry energy drink,,
1244,lime gin,,1244
1245,Vault® energy drink,,
1246,Ocean Spray® pineapple juice,,
1247,Ocean Spray® grapefruit juice,,
1248,Martinelli's® apple cider,,
1249,wild strawberry liqueur,,1249
1250,Baja Tango® orange cream liqueur,,547
1251,raspberry jam,,
1252,Jack Daniel's® Old No.7 Tennessee whiskey,,1023
1253,Kool-Aid® Lemonade Tea mix,,
1254,Kool-Aid® Tropical Punch mix,,
1255,Vanille Royale® vanilla cream liqueur,,377
1256,mango sherbet,,
1257,Dr. Mcgillicuddy's® peach schnapps,,21
1258,Lipton® peach iced tea,,
1259,Marie Brizard® peach liqueur,,349
1260,Bacardi Breezer® Lime,,
1261,Parma violet liqueur,,1261
1262,Kwai Feh® lychee liqueur,,514
1263,UV® blue raspberry vodka,,531
1264,Sobe® Energy drink,,
1265,Pinot Grigio white wine,,161
1266,El Tesoro® Anejo tequila,,48
1267,vitamin C,,
1268,Lambrusco® red wine,,509
1269,La Grande Passion® liqueur,,1111
1270,Yoo-hoo® chocolate milk,,
1271,Canton® ginger liqueur,,1882
1272,PAMA® pomegranate liqueur,,1272
1273,Patron® Citronge liqueur,,1111
1274,Orange-Strawberry Sunny Delight,,
1275,Kool-Aid® Strawberry mix,,
1276,Rose's® blue raspberry mixer,,
1277,Vimto® blackcurrant squash,,
1278,peach soda,,
1279,Cruzan® pineapple rum,,841
1280,Sourz® Tropical Blue liqueur,,1111
1281,Monin® blue curacao syrup,,
1282,DeKuyper® cherry brandy,,122
1283,Bacardi® Select rum,,45
1284,Hiram Walker® triple sec,,
1285,tropical-fruit schnapps,,1285
1286,Lemon and lime juice,,
1287,syrup of roses,,
1288,lychee juice,,
1289,dry sparkling wine,,1289
1290,guavaberry liqueur,,1290
1291,Cazadores® tequila,,48
1292,Ikon® vodka,,14
1293,Ocean Spray® white cranberry juice,,
1294,Mari Mayans® absinthe,,
1295,Melloni® melon liqueur,,109
1296,Heineken® lager,,1043
1297,Canadian apple cider,,
1298,banana schnapps,,1298
1299,Rebel Yell® bourbon whiskey,,88
1300,birch beer,,
1301,Hiram Walker® apricot brandy,,184
1302,Graham® cinnamon crackers,,
1303,chocolate sauce,,
1304,DeKuyper® Sour Peach Pucker schnapps,,21
1305,Tropicana® Peach Orchard Punch juice,,
1306,hot cocoa,,
1307,ale,,
1308,Vladivar® vodka,,14
1309,spiced cider,,
1310,Sansachun® Korean wine,,646
1311,UV Blue,,
1312,Bacardi® Tropico rum,,45
1313,maracuja syrup,,
1314,cracked ice,,
1315,Snapple® Mango Madness soda,,
1316,bloody mary mix,,
1317,horseradish sauce,,
1318,Countrytime® pink lemonade,,
1319,Countrytime® yellow lemonade,,
1320,long island iced tea mix,,
1321,Blanton's® bourbon whiskey,,88
1322,Fee Brothers® Old-fashioned bitters,,72
1323,Canada Dry® cranberry soda,,
1324,Smirnoff® Orange Twist vodka,,244
1325,Looza® banana nectar,,
1326,passion-fruit puree,,
1327,Dry Sack® sherry,,
1328,Schweppes® tonic water,,
1329,Havana Club® 7 Years rum,,45
1330,Evan Williams® Bourbon Whiskey,,88
1331,Absolut® Limon vodka,,110
1332,Puerto Rican dark rum,,55
1333,Crystal Light® lemonade mix,,
1334,Tanqueray® malacca gin,,74
1335,fruits,,
1336,mango liqueur,,1336
1337,clove syrup,,
1338,Bud Light® lager,,1043
1339,Sauza® Hornitos Reposado tequila,,1055
1340,silver rum,,1340
1341,Old Herold® Koniferum Borovicka vodka,,14
1342,Semtex Forte®,,
1343,Whaler's® vanilla rum,,326
1344,Juicy Juice® watermelon juice,,
1345,Fruitopia® fruit juice,,
1346,Ke Ke Beach® key lime liqueur,,1862
1347,Jose Cuervo® Clasico silver tequila,,412
1348,Welch's® raspberry juice,,
1349,Phillips® raspberry schnapps,,167
1350,Remy® Red cognac,,23
1351,Pimp® apple juice,,
1352,Cruzan® dark rum,,55
1353,melon juice,,
1354,Schweppes® ginger ale,,
1355,ginger wine,,1355
1356,Crown Royal® Reserve Canadian whisky,,164
1357,Fanta® blueberry soda,,
1358,Ocean Spray White Cranberry & Strawberry Juice,,
1359,AriZona® iced tea,,
1360,V8 Splash Tropical Blend,,
1361,vinegar,,
1362,Lamb's® navy rum,,45
1363,Caribbean cream,,
1364,DeKuyper® apple schnapps,,445
1365,DeKuyper® cherry schnapps,,1128
1366,Wyborowa® vodka,,14
1367,wheatgrass,,
1368,Riccadonna Asti® Champagne,,80
1369,Gatorade® Citrus Cooler energy drink,,
1370,Havana Club® Anejo Reserva rum,,45
1371,cactus fruit juice,,
1372,Budweiser® lager,,1043
1373,Mr & Mrs T's® pina colada mix,,108
1374,Ballatore® Rosso Spumante,,
1375,Kern's® strawberry nectar,,
1376,Bacardi® Coco rum,,52
1377,marmalade,,
1378,Quady Vya® sweet vermouth,,119
1379,St-Germain Elderflower Liqueur,,1379
1380,Upper Ten® Scotch whisky,,0
1381,blueberry vodka,,1381
1382,Schweppes® club soda,,
1383,sour cherries,,
1384,A&W® vanilla cream soda,,
1385,Gatorade® Tropical energy drink,,
1386,Absolut® pepper vodka,,827
1387,coconut ice cream,,
1388,99 Apples® apple schnapps,,445
1389,Aslanov® vodka,,14
1390,San Pellegrino® chinotto soda,,
1391,nut,,
1392,honey syrup,,
1393,Bols® Kontiki red orange liqueur,,547
1394,Tia Maria® chocolate liqueur,,529
1395,marsala white wine,,1395
1396,Jeremiah Weed® bourbon whiskey,,88
1397,Pop-Ice®,,
1398,Pepsi® Holiday Spice,,
1399,kiwi juice,,
1400,blackcurrant juice,,
1401,Sobe® Adrenaline Rush energy drink,,
1402,Godet® white chocolate liqueur,,521
1403,Sambuca di Amore® liqueur,,1111
1404,wormwood extract,,
1405,Gatorade® Fierce Grape energy drink,,
1406,honeydew melon,,
1407,cantaloupe melon,,
1408,Cruzan® black rum,,319
1409,passion-fruit,,
1410,Fruit Salad,,
1411,Bartons® vodka,,14
1412,Canada Dry® orange soda,,
1413,cream cheese,,
1414,Bacardi Breezer®,,
1415,Schweppes® Duet soda,,
1416,Mcguire's® Irish cream,,
1417,ginseng extract,,
1418,Kool-Aid® Black Cherry mix,,
1419,Cinzano® Orancio French vermouth,,371
1420,Cacique Yonique® yogurt,,
1421,fudge ice cream,,
1422,Everfresh® orange juice,,
1423,Finlandia® lime vodka,,714
1424,Jose Cuervo® margarita mix,,317
1425,Jones® green apple soda,,
1426,Hiram Walker® Blue Curacao liqueur,,11
1427,Don Julio® Blanco tequila,,48
1428,dry red wine,,1428
1429,Monin® passion-fruit syrup,,
1430,Ciroc® vodka,,14
1431,Blue Ox® energy drink,,
1432,Pineau des Charentes® white wine,,161
1433,Sunny Delight® California Style orange juice,,
1434,Mario® olive juice,,
1435,Lea & Perrins® Worcestershire sauce,,
1436,Melinda's® habanero pepper sauce,,
1437,Hawaiian Punch® Blue Berry Typhoon,,
1438,Casadores® Bianco tequila,,48
1439,Raynal® French brandy,,121
1440,black cherry soda,,
1441,Inferno® Pepper Pot vodka,,827
1442,Pepsi® Slice soda,,
1443,raspberry yogurt,,
1444,cornstarch,,
1445,guava syrup,,
1446,cinnamon sugar,,
1447,Banker's Club® rum,,45
1448,Smirnoff® citrus vodka,,339
1449,Hawaiian Punch® Fruit Juicy Red,,
1450,Cyprus brandy,,121
1451,lemon squash,,
1452,DeKuyper® Cactus Juice schnapps,,1452
1453,rock melon,,
1454,orange squash,,
1455,Sauternes white wine,,1455
1456,Nestle® hot chocolate,,
1457,lemon Italian ice,,
1458,arak,,
1459,Newfoundland Screech® dark rum,,55
1460,Tropicana® Twister Orange Cranberry Clash juice,,
1461,elderflower cordial,,
1462,Sobe® Lizard Blizzard juice,,
1463,Ypioca® Ouro Cachaca,,
1464,Amadeus® almond liqueur,,1714
1465,watermelon juice,,
1466,almonds,,
1467,peach kernel,,
1468,French vanilla coffee creamer,,
1469,Stone's® ginger wine,,1355
1470,Smirnoff® Black Ice,,
1471,cherry whiskey,,1471
1472,acai juice,,
1473,Moxie® energy drink,,
1474,Jamaican coconut rum,,52
1475,lime liqueur,,1475
1476,IBC® root beer,,
1477,creme d'Armagnac,,
1478,Faygo® rock & rye soda,,
1479,mace,,
1480,allspice,,
1481,Farris® soda water,,
1482,Gordon's® vodka,,14
1483,Clan Macgregor® Scotch whisky,,0
1484,Powerade® lemon-lime powder,,
1485,Ocean Spray Kiwi-Strawberry Juice,,
1486,Red Grapefruit Juice,,
1487,hazelnuts,,
1488,Vincent Van Gogh® apple vodka,,389
1489,green apple soda,,
1490,orange cognac liqueur,,1490
1491,E & J® Cask and Cream Caramel Temptation liqueur,,1978
1492,DeKuyper® triple sec,,
1493,Svedka® vodka,,14
1494,DaVinci Gourmet® vanilla syrup,,
1495,Newcastle Brown Ale® lager,,1043
1496,Don Q® Cristal rum,,45
1497,baked apple,,
1498,Kronik® energy drink,,
1499,Metaxa 5 Star,,
1500,Appleton Estate® V/X Jamaican rum,,45
1501,sugar cane juice,,
1502,Fee Brothers® peach bitters,,1538
1503,Seagram's® VO Canadian whisky,,164
1504,tropical-fruit puree,,
1505,Havana Club® dark rum,,55
1506,Rockstar® Juiced Guava energy drink,,
1507,gummi bears,,
1508,tangerine juice,,
1509,Hangar One® Mandarin Blossom vodka,,244
1510,Fever Tree® tonic water,,
1511,Goya® peach nectar,,
1512,Banker's Club® vodka,,14
1513,Snapple® Rain soda,,
1514,Malibu® banana rum,,962
1515,Pravda® vodka,,14
1516,Hershey's® chocolate milk,,
1517,green tea,,
1518,grapefruits,,
1519,mustard,,
1520,The Perfect Puree of Napa Valley® Scarlet Orange concentrate,,
1521,Presidente® brandy,,121
1522,Dole® orchard peach juice,,
1523,Lemonel® lemon liqueur,,702
1524,Tampico® fruit punch,,
1525,marinade,,
1526,citrus soda,,
1527,Kerns® guava juice,,
1528,Sour Puss® apple liqueur,,1145
1529,orange rum,,1529
1530,Kona coffee liqueur,,59
1531,blueberry cocktail mix,,
1532,7-Up® Plus Island Fruit soda,,
1533,Sour Apple Schnapps,,1533
1534,Hi-C® orange soda,,
1535,blueberry,,
1536,Ocean Spray® Ruby Red grapefruit juice,,
1537,Smirnoff® Citrus Twist vodka,,339
1538,peach bitters,,1538
1539,orange syrup,,
1540,apple rum,,1540
1541,demerara sugar,,
1542,Snapple® Lemonade soda,,
1543,DeKuyper® Hot Damn 100 cinnamon schnapps,,75
1544,Stolichnaya® lemon vodka,,110
1545,squid,,
1546,energy drink,,
1547,Tanqueray® Sterling vodka,,14
1548,currant syrup,,
1549,cannabis,,
1550,100 proof vodka,,1550
1551,Cava® Spanish Champagne,,80
1552,Farigoule® thyme liqueur,,1111
1553,Viuda de Sanchez,,
1554,French Kiss® vanilla liqueur,,377
1555,Dewar's® Scotch whisky,,0
1556,Ron Barcelo® Imperial premium blend rum,,45
1557,Arrow® peach schnapps,,21
1558,Tanqueray® 10 gin,,74
1559,Tropicana® Twister watermelon-strawberry juice,,
1560,MGD® Lite lager,,1043
1561,cranberry soda,,
1562,Meyer lemon juice,,
1563,Jamaican rum cream,,930
1564,orange crush,,
1565,daiquiri mix,,1565
1566,coffee powder,,
1567,Vincent Van Gogh® Espresso vodka,,1567
1568,Margaritaville® gold tequila,,179
1569,Absente® herbal liqueur,,1976
1570,Coors® Light beer,,
1571,Cortas® grenadine syrup,,
1572,Jose Cuervo® Reserva de la Familia tequila,,48
1573,Tropicana® high-pulp orange juice,,
1574,Del Monte® pineapple juice,,
1575,ginger-infused vodka,,1575
1576,lemon grass,,
1577,spiced brandy,,1577
1578,Tazo Passion® tea,,
1579,Powerade® energy drink,,
1580,dill,,
1581,white pepper,,
1582,steak sauce,,
1583,cherry limeade,,
1584,jalapeno pepper,,
1585,Marie Brizard® cherry liqueur,,1095
1586,Dulseda® Dulce de Leche caramel liqueur,,376
1587,Casa Noble® gold tequila,,179
1588,Xyience® Big Apple energy drink,,
1589,grape vodka,,1589
1590,Juicy Juice® Tropical juice,,
1591,lime-flavored seltzer water,,
1592,Skyy® orange vodka,,244
1593,pimento herbal liqueur,,1593
1594,Cocaine® energy drink,,
1595,licorice,,
1596,cossack vodka,,1596
1597,Green Chili,,
1598,Crystal Palace® vodka,,14
1599,Woodford Reserve® bourbon whiskey,,88
1600,Faygo® Classic blueberry soda,,
1601,McGuinness® creme de banane,,
1602,apple sauce,,
1603,Herradura® blanco tequila,,48
1604,Bandolero® triple sec,,
1605,Hiram Walker® creme de noyaux liqueur,,1978
1606,Three Olives® vanilla vodka,,233
1607,Dr. Pepper® Cherry Vanilla soda,,
1608,blood-orange juice,,
1609,Faxe Kondi® soda,,
1610,Whaler's® Pineapple Paradise rum,,841
1611,Pushckin® Black Sun vodka,,14
1612,Monin® coconut syrup,,
1613,Tropicana® Light Berry Blend,,
1614,Absolut® Ruby Red vodka,,14
1615,UV® orange vodka,,244
1616,Players Extreme® caramel-infused vodka,,1048
1617,Otard® cognac,,23
1618,Perrier® lime soda water,,
1619,Santa Cruz® rum,,45
1620,Seagram's® vodka,,14
1621,Henry McKenna® bourbon whiskey,,88
1622,corn syrup,,
1623,Sauza® Tres Generaciones reposado tequila,,1055
1624,Gaetano® triple sec,,
1625,pear nectar,,
1626,Bacardi® raspberry rum,,1019
1627,Angostura® Lemon,Lime & Bitters,
1628,Zwack® apricot brandy,,184
1629,mango puree,,
1630,Hot Sauce From Hell® pepper sauce,,
1631,Svedka® Citron vodka,,339
1632,cranberry juice cocktail,,
1633,tangerine-grapefruit juice,,
1634,orange schnapps,,1634
1635,McGuinness® Red Tassel vodka,,14
1636,Dr. Brown's® Cel-Ray soda,,
1637,Harvey's Bristol Creme,,
1638,cardamom,,
1639,St. Brendan's® Irish cream liqueur,,1978
1640,Thor's® Hammer vodka,,14
1641,Monin® apricot-fruit syrup,,
1642,Lismore® scotch whisky,,0
1643,Texsun Orange Pineapple Juice,,
1644,Gatorade® Cool Blue Raspberry energy drink,,
1645,Nestea® peach iced tea,,
1646,Canadian beer,,
1647,Marie Brizard® Lime Citron liqueur,,1475
1648,Marie Brizard® Coconut Passion liqueur,,524
1649,St. Raphael® Aperitif de France wine,,646
1650,Miller's® gin,,74
1651,Chiquita Kiwi-Strawberry Juice,,
1652,Kool-Aid® Mango mix,,
1653,Gatorade® fruit punch,,
1654,Rose's® Watermelon Cocktail Infusion,,
1655,Bols® triple sec,,
1656,Smirnoff® orange vodka,,244
1657,GranGala® orange liqueur,,547
1658,Jones® Blue Bubble-gum soda,,
1659,light beer,,
1660,Monin® lime syrup,,
1661,pear syrup,,
1662,Havana Club® Anejo Especial rum,,45
1663,Pedro Ximinez sherry,,
1664,Monin® gingerbread syrup,,
1665,Gibson's® Finest Canadian whisky,,164
1666,Alexander Keith's® Red Amber Ale,,
1667,cappuccino,,
1668,pineapple vodka,,1668
1669,walnut,,
1670,peach-flavored water,,
1671,artificial sweetener,,
1672,Sun Drop® citrus soda,,
1673,Jose Cuervo® Citrico Tequila,,48
1674,Ocean Spray Cranberry-Raspberry Juice,,
1675,Blue Tattoo® blueberry schnapps,,279
1676,Hamspburg® absinthe,,
1677,Vermeer® Dutch Chocolate Cream liqueur,,529
1678,Dooley's Original Toffee & Vodka,,1678
1679,Baby Duck® white wine,,161
1680,dry dill,,
1681,Rose's® triple sec,,
1682,Havana Club® silver rum,,1340
1683,Luxardo® limoncello,,
1684,Nestle® condensed milk,,
1685,Bols® kiwi liqueur,,1111
1686,Ale-8-One® soda,,
1687,pear puree,,
1688,pear,,
1689,Mayfield® Rocky Road ice cream,,
1690,Daily's® sweet and sour mix,,25
1691,persimmon juice,,
1692,lemon cordial,,
1693,Paul Masson® brandy,,121
1694,Skyy® spiced vodka,,1694
1695,mandarin soda,,
1696,Avalanche® peppermint schnapps,,219
1697,blue cheese,,
1698,Faygo® grape soda,,
1699,Wild Irish Rose® wine,,646
1700,Steinhaeger® gin,,74
1701,Underberg® bitters,,72
1702,sour cherry juice,,
1703,Christian Brothers® Frost White brandy,,121
1704,Yukon Jack® Perma Frost schnapps,,974
1705,Kit Kat® chocolate bar,,
1706,Bacardi® 8 rum,,45
1707,Offley Rich® tawny port,,
1708,pecan nuts,,
1709,Ceres® guava juice,,
1710,Ceres® passion-fruit juice,,
1711,Ribena® blackcurrant cordial,,
1712,Two Fingers® gold tequila,,179
1713,Napolean brandy,,121
1714,almond liqueur,,1714
1715,Kool-Aid® Watermelon-Cherry,,
1716,Kerns® strawberry-banana nectar,,
1717,Jack Daniel's® Downhome Punch,,
1718,wasabi,,
1719,Angostura® Bloody Mary seasoning,,
1720,pepperoncini,,
1721,Stirrings® Bloody Mary Rimmer,,
1722,cayenne pepper,,
1723,Windsor® Canadian whisky,,164
1724,pineapple-starfruit juice,,
1725,Minute Maid® berry punch,,
1726,Jose Cuervo® silver tequila,,412
1727,Mr. and Mrs T Margarita Mix,,317
1728,Fris® apple vodka,,389
1729,American whiskey,,1729
1730,pistachio liqueur,,1730
1731,Baitz® triple sec,,
1732,chocolate powder,,
1733,Old Krupnik® honey liqueur,,1878
1734,Bushmills® Irish Cream,,
1735,Celtic Crossing® honey liqueur,,1878
1736,Smucker's® caramel syrup,,
1737,aged rum,,1737
1738,Marie Brizard® watermelon liqueur,,820
1739,hard lemonade,,
1740,99 Oranges® orange schnapps,,1740
1741,Old-fashioned mix,,
1742,Simers® aquavit,,
1743,St. Hallvard® herbal liqueur,,1976
1744,Mickey Finn's butterscotch and vanilla liqueur,,1747
1745,Gatorade® Fierce Melon energy drink,,
1746,Snapple® Raspberry Iced Tea soda,,
1747,butterscotch liqueur,,1747
1748,McGuinness® blue Curacao liqueur,,11
1749,Old Tom® gin,,74
1750,orange flower water,,
1751,Stoli® Cranberi vodka,,1014
1752,Coca-Cola® Blak,,
1753,tamarind,,
1754,Chile Piqions,,
1755,Rose's® Cocktail Infusions Cranberry Twist,,
1756,Seagram's® Extra Dry gin,,727
1757,wild cherry liqueur,,1757
1758,Suntory® mango liqueur,,1336
1759,Sauza® blanco tequila,,48
1760,Dr. McGillicuddy's® cherry schnapps,,1128
1761,Suntory® Royal whisky,,583
1762,Monster Energy Green,,
1763,Jubilee® peach schnapps,,21
1764,Kool-Aid® Orange-Pineapple mix,,
1765,lemon shochu,,
1766,tamarinds,,
1767,Bols® Gold Strike cinnamon liqueur,,1875
1768,black cherry ice cream,,
1769,Gosling's® black rum,,319
1770,Buffalo Rock® ginger ale,,
1771,kiwi syrup,,
1772,Bacardi® lemon rum,,885
1773,Finlandia® pineapple vodka,,1668
1774,Peruvian Pisco brandy,,121
1775,X-Rated Fusion® liqueur,,1111
1776,whisky sour mix,,1776
1777,oude genever gin,,1777
1778,sparkling apple juice,,
1779,Tropicana® fruit punch,,
1780,Nesquik® chocolate powder,,
1781,Bailey's® Mint Chocolate Irish cream liqueur,,479
1782,Old Crow® bourbon whiskey,,88
1783,strawberry-rhubarb mix,,
1784,Greizer® strawberry liqueur,,402
1785,Monin® strawberry syrup,,
1786,MC2® Berry Blue energy drink,,
1787,acerola,,
1788,Whaler's® Killer Coconut rum,,52
1789,Coconut brandy,,1789
1790,Trader Joe's® Spicy Cider,,
1791,Tropicana® Orange Strawberry Banana juice,,
1792,Heaven Hill® bourbon whiskey,,88
1793,Welch's® strawberry breeze,,
1794,orange jell-o,,
1795,cranberry ginger ale,,
1796,Welch's® Mango Twist fruit juice,,
1797,Wilcox® chocolate milk,,
1798,Mountain Dew® Livewire,,
1799,Stolichnaya® orange vodka,,244
1800,Jones® FuFu berry soda,,
1801,Absinth® King of Spirits Gold liqueur,,1111
1802,Oliphant® orange vodka,,244
1803,DeKuyper® Harvest Pear schnapps,,1176
1804,Tampico® orange juice,,
1805,Pumpkin puree,,
1806,pear soda,,
1807,grape schnapps,,1807
1808,Vita Coco® coconut water,,
1809,McCormick's® Hot Shot,,
1810,greek seasoning,,
1811,Minute Maid® grape punch,,
1812,carrot juice,,
1813,A1® steak sauce,,
1814,mandarin,,
1815,avocado,,
1816,Haagen Dazs® cream liqueur,,1978
1817,Sour Puss,,
1818,Boodles® British gin,,74
1819,Jacquin's® peach schnapps,,21
1820,Plum Juice,,
1821,wine cooler,,
1822,Thunderbird® wine,,646
1823,Scoresby® Scotch whisky,,0
1824,Phillips® peppermint schnapps,,219
1825,bitter,,
1826,lingonberry jam,,
1827,Coquila® tequila cream liqueur,,1827
1828,Ryan's® Irish cream,,
1829,Amade® ChocOrange liqueur,,1829
1830,Father O'Leary's® butterscotch cream liqueur,,1747
1831,Father O'Leary's® velvet cream liqueur,,1978
1832,red sparkling wine,,509
1833,J & B® Scotch whisky,,0
1834,Bols® Green Curacao liqueur,,612
1835,Licor Beirao® herbal liqueur,,1976
1836,cantaloupe melons,,
1837,Stefanoffs® vodka,,14
1838,Finest Call® margarita mix,,317
1839,jello,,
1840,Finches® white lemonade,,
1841,Brennivin® schnapps,,974
1842,Smirnoff® Silver Label vodka,,14
1843,DeKuyper® wild strawberry liqueur,,1249
1844,Asti Spumanti® champagne,,80
1845,Molinari® black sambuca,,
1846,tangerine schnapps,,1846
1847,Military Special® white rum,,27
1848,Tropicana® banana-strawberry juice,,
1849,Boris Jelzin® vodka,,14
1850,Archers® cranberry schnapps,,855
1851,Archers® lime schnapps,,1634
1852,eau de vie brandy,,121
1853,mint syrup,,
1854,Zima® XXX Hard Orange,,
1855,Seagram's® ginger ale,,
1856,La Preferida® cream of coconut,,
1857,Mad Dog® grape wine,,646
1858,Kina® Lillet Blanc wine,,646
1859,Schweppes® cream soda,,
1860,Marie Brizard® white creme de cacao liqueur,,1978
1861,Faygo® peach soda,,
1862,key lime liqueur,,1862
1863,Hurricane® malt liquor,,
1864,Dr. Pepper vanilla soda,,
1865,Tapatio® hot sauce,,
1866,cocoa cream,,
1867,Gatorade® Watermelon Ice energy drink,,
1868,Kool-Aid® Lemon-Lime mix,,
1869,Pepsi® Orange Slice soda,,
1870,Basil Hayden's® bourbon whiskey,,88
1871,Mountain Dew® Pitch Black II,,
1872,Jose Cuervo® Mistico tequila,,48
1873,SoBe® Tsunami orange juice,,
1874,7-Up® Diet soda,,
1875,cinnamon liqueur,,1875
1876,DeKuyper® peppermint schnapps,,219
1877,Naked Juice® Mighty Mango Smoothie,,
1878,honey liqueur,,1878
1879,Calvert Extra® whiskey,,139
1880,Boone's Farm Blue Hawaiian,,
1881,Sortilege® Canadian whisky liqueur,,164
1882,ginger liqueur,,1882
1883,strawberry mix,,
1884,Ballantine's® Scotch whisky,,0
1885,Banff® Ice vodka,,14
1886,chili pepper,,
1887,Senator's Club® whiskey,,139
1888,Blackbeard's® spiced rum,,218
1889,Danish cherry wine,,1889
1890,DeKuyper® Pucker Strawberry Passion schnapps,,299
1891,NuGrape® soda,,
1892,cottage cheese,,
1893,Nacional® silver tequila,,412
1894,Hawaiian Sun® passion-fruit drink,,
1895,Dole Pineapple Passion Mango juice,,
1896,Old Orchard Pomagranate Cherry,,
1897,Icewine,,1897
1898,Voyant® Chai cream liqueur,,1978
1899,Muscovado sugar,,
1900,sweet and sour sauce,,
1901,sweet gin,,1901
1902,grapefruit schnapps,,1902
1903,Marie Brizard® creme de banane,,
1904,strawberry guava juice,,
1905,Aristocrat® vodka,,14
1906,toffee liqueur,,1906
1907,onion,,
1908,180® citrus energy drink,,
1909,DeKuyper® Wilderberry schnapps,,778
1910,Scorned Woman® hot sauce,,
1911,extra virgin olive oil,,
1912,garlic powder,,
1913,onion powder,,
1914,Chymos® cranberry liqueur,,528
1915,Sourz® tropical liqueur,,1111
1916,UV® Green Apple vodka,,389
1917,blackberries,,
1918,peach papaya juice,,
1919,blood orange,,
1920,Vincent Van Gogh® raspberry vodka,,531
1921,peach iced tea,,
1922,raspberry ginger ale,,
1923,raspberry puree,,
1924,Silent Sam® vodka,,14
1925,Asbach® Uralt brandy,,121
1926,soymilk,,
1927,red cayenne peppers,,
1928,Rosemary,,
1929,strawberry wine,,1929
1930,Barrett's® Ginger Beer,,
1931,nuts,,
1932,Jack Iron® strong Caribbean rum,,45
1933,gelato,,
1934,Stroh® 80 rum,,45
1935,Seagram's® vanilla vodka,,233
1936,Dutch genever gin,,74
1937,Casa Noble® anejo tequila,,48
1938,Appleton Estate® white rum,,27
1939,Bols® Orange Curacao liqueur,,547
1940,Bols® coconut liqueur,,524
1941,Famous Grouse® Scotch whisky,,0
1942,Vana Tallinn,,
1943,Vana Tallin® cream liqueur,,1111
1944,V8® Splash raspberry lemonade,,
1945,Danish aquavit,,
1946,lemonade mix,,
1947,Jose Cuervo® white tequila,,12
1948,San Pellegrino®,,
1949,Abita® root beer,,
1950,Minute Maid® cherry punch,,
1951,Captain Morgan's® Parrot Bay passion fruit rum,,1951
1952,brown sugar syrup,,
1953,Polignac® cognac,,23
1954,Bols® dark creme de cacao,,
1955,ojen anise liqueur,,1955
1956,Tamarindo puree,,
1957,Cadbury's® hot chocolate,,
1958,kumquats,,
1959,rice wine,,1959
1960,garlic,,
1961,Bols® melon liqueur,,109
1962,San Pellegrino® Aranciata orange soda,,
1963,Monin® cinnamon syrup,,
1964,Hiram Walker® peppermint schnapps,,219
1965,Old Potrero® rye whiskey,,132
1966,Kool-Aid® Kickin' Kiwi-Lime mix,,
1967,Sunny Delight® Florida Style orange juice,,
1968,oregano,,
1969,Potter's® vodka,,14
1970,Stewart's® key lime juice,,
1971,banana pepper,,
1972,okra,,
1973,Tony Chachere's® Creole Seasoning,,
1974,Saurer Apfel® apple schnapps,,445
1975,Jim Beam® rye whiskey,,132
1976,herbal liqueur,,1976
1978,cream liqueur,,1978
